id_venda;id_cliente;id_produto;data_venda;quantidade;;;forma_pagamento
VEN000001;CLI000220;PROD020;24/1/24;1;399.90; 399.90;Cartão de Crédito
VEN000002;CLI000277;PROD023;25/1/24;2;179.90; 359.80;PIX
VEN000003;CLI000220;PROD002;26/1/24;1;4299.00; 4299.00;PIX
VEN000004;CLI000074;PROD006;27/1/24;1;1799.90; 1799.90;Cartão de Débito
VEN000005;CLI000267;PROD013;28/1/24;2;1099.90; 2199.80;Cartão de Crédito
VEN000006;CLI000289;PROD003;29/1/24;1; 7999.00; 7999.00;PIX
VEN000007;CLI000071;PROD023;30/1/24;3; 179.90; 539.70;Dinheiro Em Espécie
VEN000008;CLI000072;PROD015;31/1/24;1; 1349.90; 1349.90;Cartão de Crédito
VEN000009;CLI000281;PROD001;1/2/24;3; 3499.90; 10499.70;Cartão de Crédito
VEN000010;CLI000080;PROD020;2/2/24;2; 399.90; 799.80;PIX
VEN000011;CLI000224;PROD014;3/2/24;3; 2499.00; 7497.00;Cartão de Crédito
VEN000012;CLI000245;PROD026;4/2/24;1; 1499.00; 1499.00;Cartão de Débito
VEN000013;CLI000201;PROD025;5/2/24;1; 239.90; 239.90;Cartão de Crédito
VEN000014;CLI000061;PROD027;6/2/24;3; 699.90; 2099.70;Cartão de Crédito
VEN000015;CLI000134;PROD023;7/2/24;3; 179.90; 539.70;Cartão de Crédito
VEN000016;CLI000140;PROD014;8/2/24;2; 2499.00; 4998.00;Cartão de Crédito
VEN000017;CLI000169;PROD016;9/2/24;1; 89.90; 89.90;PIX
VEN000018;CLI000053;PROD011;10/2/24;1; 799.90; 799.90;Cartão de Crédito
VEN000019;CLI000201;PROD026;11/2/24;1; 1499.00; 1499.00;PIX
VEN000020;CLI000290;PROD020;12/2/24;2; 399.90; 799.80;PIX
VEN000021;CLI000201;PROD026;13/2/24;3; 1499.00; 4497.00;Dinheiro Em Espécie
VEN000022;CLI000264;PROD013;14/2/24;1; 1099.90; 1099.90;PIX
VEN000023;CLI000272;PROD010;15/2/24;1; 6499.00; 6499.00;Cartão de Débito
VEN000024;CLI000227;PROD021;16/2/24;2; 59.90; 119.80;Cartão de Crédito
VEN000025;CLI000018;PROD012;17/2/24;2; 1199.00; 2398.00;Cartão de Débito
VEN000026;CLI000101;PROD009;18/2/24;1; 2299.90; 2299.90;Cartão de Crédito
VEN000027;CLI000178;PROD020;19/2/24;3; 399.90; 1199.70;PIX
VEN000028;CLI000089;PROD028;20/2/24;1; 189.90; 189.90;PIX
VEN000029;CLI000297;PROD017;21/2/24;1; 249.90; 249.90;Cartão de Crédito
VEN000030;CLI000290;PROD011;22/2/24;3; 799.90; 2399.70;PIX
VEN000031;CLI000239;PROD003;23/2/24;1; 7999.00; 7999.00;Cartão de Crédito
VEN000032;CLI000194;PROD014;24/2/24;1; 2499.00; 2499.00;Cartão de Débito
VEN000033;CLI000225;PROD013;25/2/24;2; 1099.90; 2199.80;Dinheiro Em Espécie
VEN000034;CLI000087;PROD002;26/2/24;2; 4299.00; 8598.00;Cartão de Crédito
VEN000035;CLI000300;PROD026;27/2/24;2; 1499.00; 2998.00;Cartão de Crédito
VEN000036;CLI000146;PROD016;28/2/24;2; 89.90; 179.80;PIX
VEN000037;CLI000018;PROD030;29/2/24;2; 1199.00; 2398.00;PIX
VEN000038;CLI000256;PROD018;1/3/24;1; 139.90; 139.90;PIX
VEN000039;CLI000176;PROD005;2/3/24;2; 4899.00; 9798.00;PIX
VEN000040;CLI000138;PROD029;3/3/24;2; 349.00; 698.00;PIX
VEN000041;CLI000192;PROD024;4/3/24;1; 279.90; 279.90;Cartão de Crédito
VEN000042;CLI000176;PROD023;5/3/24;1; 179.90; 179.90;PIX
VEN000043;CLI000299;PROD027;6/3/24;3; 699.90; 2099.70;Cartão de Crédito
VEN000044;CLI000256;PROD005;7/3/24;1; 4899.00; 4899.00;Cartão de Crédito
VEN000045;CLI000254;PROD003;8/3/24;3; 7999.00; 23997.00;PIX
VEN000046;CLI000263;PROD012;9/3/24;1; 1199.00; 1199.00;PIX
VEN000047;CLI000106;PROD024;10/3/24;1; 279.90; 279.90;PIX
VEN000048;CLI000062;PROD003;11/3/24;1; 7999.00; 7999.00;Cartão de Crédito
VEN000049;CLI000178;PROD016;12/3/24;1; 89.90; 89.90;Cartão de Crédito
VEN000050;CLI000239;PROD022;13/3/24;1; 219.90; 219.90;Cartão de Crédito
VEN000051;CLI000002;PROD006;14/3/24;1; 1799.90; 1799.90;PIX
VEN000052;CLI000169;PROD019;15/3/24;2; 199.00; 398.00;Dinheiro Em Espécie
VEN000053;CLI000297;PROD019;16/3/24;2; 199.00; 398.00;PIX
VEN000054;CLI000145;PROD011;17/3/24;1; 799.90; 799.90;PIX
VEN000055;CLI000011;PROD005;18/3/24;1; 4899.00; 4899.00;PIX
VEN000056;CLI000291;PROD009;19/3/24;3; 2299.90; 6899.70;PIX
VEN000057;CLI000178;PROD009;20/3/24;3; 2299.90; 6899.70;PIX
VEN000058;CLI000160;PROD003;21/3/24;2; 7999.00; 15998.00;Cartão de Débito
VEN000059;CLI000233;PROD013;22/3/24;2; 1099.90; 2199.80;Cartão de Débito
VEN000060;CLI000087;PROD015;23/3/24;1; 1349.90; 1349.90;PIX
VEN000061;CLI000190;PROD021;24/3/24;1; 59.90; 59.90;PIX
VEN000062;CLI000113;PROD025;25/3/24;3; 239.90; 719.70;Cartão de Crédito
VEN000063;CLI000212;PROD007;26/3/24;1; 4999.00; 4999.00;PIX
VEN000064;CLI000158;PROD027;27/3/24;2; 699.90; 1399.80;Cartão de Débito
VEN000065;CLI000055;PROD002;28/3/24;2; 4299.00; 8598.00;PIX
VEN000066;CLI000185;PROD017;29/3/24;1; 249.90; 249.90;PIX
VEN000067;CLI000084;PROD009;30/3/24;2; 2299.90; 4599.80;PIX
VEN000068;CLI000224;PROD023;31/3/24;1; 179.90; 179.90;Cartão de Débito
VEN000069;CLI000027;PROD008;1/4/24;2; 1299.00; 2598.00;Dinheiro Em Espécie
VEN000070;CLI000139;PROD023;2/4/24;2; 179.90; 359.80;PIX
VEN000071;CLI000121;PROD016;3/4/24;1; 89.90; 89.90;Cartão de Crédito
VEN000072;CLI000211;PROD024;4/4/24;1; 279.90; 279.90;PIX
VEN000073;CLI000233;PROD019;5/4/24;1; 199.00; 199.00;Cartão de Crédito
VEN000074;CLI000297;PROD022;6/4/24;3; 219.90; 659.70;Cartão de Crédito
VEN000075;CLI000158;PROD025;7/4/24;3; 239.90; 719.70;PIX
VEN000076;CLI000192;PROD022;8/4/24;1; 219.90; 219.90;Cartão de Crédito
VEN000077;CLI000151;PROD019;9/4/24;2; 199.00; 398.00;Dinheiro Em Espécie
VEN000078;CLI000113;PROD010;10/4/24;1; 6499.00; 6499.00;Cartão de Débito
VEN000079;CLI000074;PROD025;11/4/24;3; 239.90; 719.70;PIX
VEN000080;CLI000173;PROD022;12/4/24;2; 219.90; 439.80;Cartão de Crédito
VEN000081;CLI000152;PROD027;13/4/24;2; 699.90; 1399.80;PIX
VEN000082;CLI000162;PROD024;14/4/24;3; 279.90; 839.70;Cartão de Crédito
VEN000083;CLI000022;PROD029;15/4/24;1; 349.00; 349.00;Cartão de Crédito
VEN000084;CLI000089;PROD009;16/4/24;2; 2299.90; 4599.80;Cartão de Crédito
VEN000085;CLI000061;PROD021;17/4/24;2; 59.90; 119.80;Cartão de Débito
VEN000086;CLI000162;PROD013;18/4/24;2; 1099.90; 2199.80;Cartão de Crédito
VEN000087;CLI000049;PROD005;19/4/24;2; 4899.00; 9798.00;PIX
VEN000088;CLI000235;PROD011;20/4/24;3; 799.90; 2399.70;PIX
VEN000089;CLI000087;PROD015;21/4/24;1; 1349.90; 1349.90;PIX
VEN000090;CLI000091;PROD001;22/4/24;1; 3499.90; 3499.90;PIX
VEN000091;CLI000197;PROD017;23/4/24;2; 249.90; 499.80;Cartão de Crédito
VEN000092;CLI000155;PROD001;24/4/24;2; 3499.90; 6999.80;Cartão de Crédito
VEN000093;CLI000033;PROD029;25/4/24;2; 349.00; 698.00;PIX
VEN000094;CLI000291;PROD010;26/4/24;1; 6499.00; 6499.00;Cartão de Crédito
VEN000095;CLI000213;PROD021;27/4/24;2; 59.90; 119.80;Cartão de Crédito
VEN000096;CLI000218;PROD007;28/4/24;3; 4999.00; 14997.00;Cartão de Crédito
VEN000097;CLI000007;PROD018;29/4/24;1; 139.90; 139.90;Cartão de Crédito
VEN000098;CLI000127;PROD001;30/4/24;1; 3499.90; 3499.90;Cartão de Débito
VEN000099;CLI000089;PROD003;1/5/24;3; 7999.00; 23997.00;PIX
VEN000100;CLI000133;PROD008;2/5/24;1; 1299.00; 1299.00;Cartão de Crédito
VEN000101;CLI000293;PROD008;3/5/24;3; 1299.00; 3897.00;PIX
VEN000102;CLI000276;PROD022;4/5/24;3; 219.90; 659.70;Cartão de Crédito
VEN000103;CLI000085;PROD012;5/5/24;1; 1199.00; 1199.00;Dinheiro Em Espécie
VEN000104;CLI000179;PROD009;6/5/24;3; 2299.90; 6899.70;PIX
VEN000105;CLI000043;PROD023;7/5/24;2; 179.90; 359.80;Cartão de Crédito
VEN000106;CLI000065;PROD005;8/5/24;1; 4899.00; 4899.00;PIX
VEN000107;CLI000159;PROD014;9/5/24;2; 2499.00; 4998.00;Cartão de Crédito
VEN000108;CLI000245;PROD012;10/5/24;1; 1199.00; 1199.00;Cartão de Crédito
VEN000109;CLI000249;PROD023;11/5/24;3; 179.90; 539.70;Cartão de Crédito
VEN000110;CLI000046;PROD017;12/5/24;1; 249.90; 249.90;Cartão de Crédito
VEN000111;CLI000204;PROD021;13/5/24;3; 59.90; 179.70;PIX
VEN000112;CLI000235;PROD020;14/5/24;1; 399.90; 399.90;Cartão de Crédito
VEN000113;CLI000276;PROD018;15/5/24;2; 139.90; 279.80;PIX
VEN000114;CLI000091;PROD023;16/5/24;1; 179.90; 179.90;Dinheiro Em Espécie
VEN000115;CLI000051;PROD017;17/5/24;1; 249.90; 249.90;Cartão de Crédito
VEN000116;CLI000204;PROD026;18/5/24;3; 1499.00; 4497.00;PIX
VEN000117;CLI000248;PROD018;19/5/24;1; 139.90; 139.90;Cartão de Débito
VEN000118;CLI000289;PROD020;20/5/24;1; 399.90; 399.90;Cartão de Crédito
VEN000119;CLI000038;PROD012;21/5/24;2; 1199.00; 2398.00;PIX
VEN000120;CLI000085;PROD012;22/5/24;2; 1199.00; 2398.00;PIX
VEN000121;CLI000160;PROD015;23/5/24;1; 1349.90; 1349.90;PIX
VEN000122;CLI000158;PROD001;24/5/24;1; 3499.90; 3499.90;Cartão de Débito
VEN000123;CLI000109;PROD029;25/5/24;1; 349.00; 349.00;Cartão de Crédito
VEN000124;CLI000162;PROD021;26/5/24;2; 59.90; 119.80;PIX
VEN000125;CLI000299;PROD013;27/5/24;2; 1099.90; 2199.80;PIX
VEN000126;CLI000164;PROD030;28/5/24;1; 1199.00; 1199.00;PIX
VEN000127;CLI000063;PROD023;29/5/24;2; 179.90; 359.80;Cartão de Débito
VEN000128;CLI000177;PROD027;30/5/24;2; 699.90; 1399.80;PIX
VEN000129;CLI000179;PROD028;31/5/24;2; 189.90; 379.80;PIX
VEN000130;CLI000250;PROD011;1/6/24;2; 799.90; 1599.80;Cartão de Débito
VEN000131;CLI000078;PROD017;2/6/24;3; 249.90; 749.70;Cartão de Crédito
VEN000132;CLI000186;PROD011;3/6/24;1; 799.90; 799.90;Cartão de Débito
VEN000133;CLI000150;PROD004;4/6/24;1; 2899.90; 2899.90;Cartão de Crédito
VEN000134;CLI000166;PROD012;5/6/24;1; 1199.00; 1199.00;PIX
VEN000135;CLI000286;PROD027;6/6/24;2; 699.90; 1399.80;PIX
VEN000136;CLI000267;PROD020;7/6/24;1; 399.90; 399.90;PIX
VEN000137;CLI000139;PROD002;8/6/24;3; 4299.00; 12897.00;PIX
VEN000138;CLI000196;PROD006;9/6/24;1; 1799.90; 1799.90;PIX
VEN000139;CLI000114;PROD017;10/6/24;1; 249.90; 249.90;PIX
VEN000140;CLI000291;PROD023;11/6/24;1; 179.90; 179.90;PIX
VEN000141;CLI000127;PROD020;12/6/24;2; 399.90; 799.80;Cartão de Débito
VEN000142;CLI000151;PROD024;13/6/24;1; 279.90; 279.90;Cartão de Crédito
VEN000143;CLI000069;PROD001;14/6/24;1; 3499.90; 3499.90;Cartão de Crédito
VEN000144;CLI000159;PROD021;15/6/24;3; 59.90; 179.70;PIX
VEN000145;CLI000252;PROD001;16/6/24;1; 3499.90; 3499.90;PIX
VEN000146;CLI000219;PROD030;17/6/24;3; 1199.00; 3597.00;Cartão de Crédito
VEN000147;CLI000157;PROD025;18/6/24;1; 239.90; 239.90;Cartão de Débito
VEN000148;CLI000020;PROD007;19/6/24;2; 4999.00; 9998.00;Cartão de Crédito
VEN000149;CLI000054;PROD012;20/6/24;1; 1199.00; 1199.00;Cartão de Débito
VEN000150;CLI000165;PROD010;21/6/24;3; 6499.00; 19497.00;Cartão de Crédito
VEN000151;CLI000200;PROD024;22/6/24;2; 279.90; 559.80;Cartão de Débito
VEN000152;CLI000130;PROD025;23/6/24;1; 239.90; 239.90;Cartão de Débito
VEN000153;CLI000020;PROD016;24/6/24;1; 89.90; 89.90;PIX
VEN000154;CLI000060;PROD010;25/6/24;1; 6499.00; 6499.00;Cartão de Crédito
VEN000155;CLI000163;PROD017;26/6/24;3; 249.90; 749.70;Cartão de Crédito
VEN000156;CLI000209;PROD005;27/6/24;1; 4899.00; 4899.00;Cartão de Crédito
VEN000157;CLI000022;PROD029;28/6/24;1; 349.00; 349.00;Cartão de Crédito
VEN000158;CLI000103;PROD018;29/6/24;1; 139.90; 139.90;Cartão de Crédito
VEN000159;CLI000092;PROD006;30/6/24;1; 1799.90; 1799.90;PIX
VEN000160;CLI000235;PROD005;1/7/24;1; 4899.00; 4899.00;Cartão de Crédito
VEN000161;CLI000033;PROD030;2/7/24;2; 1199.00; 2398.00;PIX
VEN000162;CLI000189;PROD021;3/7/24;2; 59.90; 119.80;Dinheiro Em Espécie
VEN000163;CLI000194;PROD010;4/7/24;1; 6499.00; 6499.00;Cartão de Crédito
VEN000164;CLI000252;PROD011;5/7/24;1; 799.90; 799.90;PIX
VEN000165;CLI000069;PROD026;6/7/24;1; 1499.00; 1499.00;PIX
VEN000166;CLI000077;PROD010;7/7/24;2; 6499.00; 12998.00;Cartão de Crédito
VEN000167;CLI000065;PROD015;8/7/24;1; 1349.90; 1349.90;PIX
VEN000168;CLI000041;PROD028;9/7/24;1; 189.90; 189.90;PIX
VEN000169;CLI000150;PROD028;10/7/24;2; 189.90; 379.80;PIX
VEN000170;CLI000235;PROD005;11/7/24;1; 4899.00; 4899.00;Cartão de Crédito
VEN000171;CLI000158;PROD007;12/7/24;1; 4999.00; 4999.00;PIX
VEN000172;CLI000010;PROD002;13/7/24;1; 4299.00; 4299.00;Cartão de Crédito
VEN000173;CLI000131;PROD007;14/7/24;3; 4999.00; 14997.00;PIX
VEN000174;CLI000219;PROD001;15/7/24;2; 3499.90; 6999.80;PIX
VEN000175;CLI000161;PROD020;16/7/24;2; 399.90; 799.80;Cartão de Crédito
VEN000176;CLI000035;PROD007;17/7/24;1; 4999.00; 4999.00;PIX
VEN000177;CLI000223;PROD027;18/7/24;3; 699.90; 2099.70;PIX
VEN000178;CLI000271;PROD007;19/7/24;3; 4999.00; 14997.00;Cartão de Crédito
VEN000179;CLI000297;PROD011;20/7/24;1; 799.90; 799.90;PIX
VEN000180;CLI000270;PROD023;21/7/24;1; 179.90; 179.90;PIX
VEN000181;CLI000145;PROD014;22/7/24;2; 2499.00; 4998.00;PIX
VEN000182;CLI000089;PROD026;23/7/24;3; 1499.00; 4497.00;Cartão de Crédito
VEN000183;CLI000282;PROD009;24/7/24;1; 2299.90; 2299.90;Cartão de Crédito
VEN000184;CLI000151;PROD020;25/7/24;1; 399.90; 399.90;PIX
VEN000185;CLI000005;PROD002;26/7/24;2; 4299.00; 8598.00;PIX
VEN000186;CLI000262;PROD021;27/7/24;1; 59.90; 59.90;Dinheiro Em Espécie
VEN000187;CLI000143;PROD016;28/7/24;1; 89.90; 89.90;Cartão de Crédito
VEN000188;CLI000244;PROD015;29/7/24;3; 1349.90; 4049.70;Cartão de Crédito
VEN000189;CLI000296;PROD010;30/7/24;1; 6499.00; 6499.00;Cartão de Débito
VEN000190;CLI000024;PROD008;31/7/24;1; 1299.00; 1299.00;Cartão de Crédito
VEN000191;CLI000138;PROD029;1/8/24;2; 349.00; 698.00;PIX
VEN000192;CLI000069;PROD024;2/8/24;3; 279.90; 839.70;Cartão de Crédito
VEN000193;CLI000147;PROD029;3/8/24;2; 349.00; 698.00;Dinheiro Em Espécie
VEN000194;CLI000061;PROD022;4/8/24;3; 219.90; 659.70;Cartão de Crédito
VEN000195;CLI000079;PROD003;5/8/24;3; 7999.00; 23997.00;PIX
VEN000196;CLI000091;PROD027;6/8/24;2; 699.90; 1399.80;PIX
VEN000197;CLI000232;PROD027;7/8/24;1; 699.90; 699.90;PIX
VEN000198;CLI000019;PROD002;8/8/24;1; 4299.00; 4299.00;Cartão de Débito
VEN000199;CLI000277;PROD025;9/8/24;2; 239.90; 479.80;PIX
VEN000200;CLI000040;PROD015;10/8/24;3; 1349.90; 4049.70;PIX
VEN000201;CLI000005;PROD014;11/8/24;3; 2499.00; 7497.00;PIX
VEN000202;CLI000195;PROD017;12/8/24;3; 249.90; 749.70;Cartão de Crédito
VEN000203;CLI000089;PROD025;13/8/24;2; 239.90; 479.80;Cartão de Débito
VEN000204;CLI000261;PROD010;14/8/24;1; 6499.00; 6499.00;Cartão de Débito
VEN000205;CLI000092;PROD021;15/8/24;2; 59.90; 119.80;Cartão de Crédito
VEN000206;CLI000098;PROD003;16/8/24;1; 7999.00; 7999.00;PIX
VEN000207;CLI000102;PROD005;17/8/24;1; 4899.00; 4899.00;Cartão de Crédito
VEN000208;CLI000009;PROD005;18/8/24;2; 4899.00; 9798.00;Cartão de Crédito
VEN000209;CLI000094;PROD021;19/8/24;2; 59.90; 119.80;Cartão de Crédito
VEN000210;CLI000150;PROD005;20/8/24;3; 4899.00; 14697.00;Cartão de Crédito
VEN000211;CLI000152;PROD030;21/8/24;1; 1199.00; 1199.00;Cartão de Crédito
VEN000212;CLI000181;PROD016;22/8/24;1; 89.90; 89.90;Cartão de Crédito
VEN000213;CLI000109;PROD026;23/8/24;1; 1499.00; 1499.00;Cartão de Crédito
VEN000214;CLI000239;PROD026;24/8/24;1; 1499.00; 1499.00;Cartão de Crédito
VEN000215;CLI000042;PROD014;25/8/24;1; 2499.00; 2499.00;PIX
VEN000216;CLI000120;PROD028;26/8/24;1; 189.90; 189.90;PIX
VEN000217;CLI000027;PROD011;27/8/24;1; 799.90; 799.90;Cartão de Crédito
VEN000218;CLI000038;PROD009;28/8/24;2; 2299.90; 4599.80;PIX
VEN000219;CLI000219;PROD030;29/8/24;2; 1199.00; 2398.00;PIX
VEN000220;CLI000155;PROD022;30/8/24;2; 219.90; 439.80;Cartão de Crédito
VEN000221;CLI000099;PROD010;31/8/24;3; 6499.00; 19497.00;Cartão de Crédito
VEN000222;CLI000037;PROD012;1/9/24;1; 1199.00; 1199.00;Cartão de Débito
VEN000223;CLI000256;PROD001;2/9/24;3; 3499.90; 10499.70;Cartão de Débito
VEN000224;CLI000166;PROD001;3/9/24;2; 3499.90; 6999.80;Cartão de Débito
VEN000225;CLI000116;PROD014;4/9/24;3; 2499.00; 7497.00;Cartão de Crédito
VEN000226;CLI000046;PROD016;5/9/24;1; 89.90; 89.90;PIX
VEN000227;CLI000200;PROD011;6/9/24;1; 799.90; 799.90;Dinheiro Em Espécie
VEN000228;CLI000039;PROD019;7/9/24;1; 199.00; 199.00;PIX
VEN000229;CLI000064;PROD017;8/9/24;1; 249.90; 249.90;Cartão de Débito
VEN000230;CLI000031;PROD015;9/9/24;1; 1349.90; 1349.90;PIX
VEN000231;CLI000053;PROD029;10/9/24;1; 349.00; 349.00;Cartão de Débito
VEN000232;CLI000125;PROD005;11/9/24;1; 4899.00; 4899.00;Cartão de Crédito
VEN000233;CLI000253;PROD014;12/9/24;2; 2499.00; 4998.00;Cartão de Crédito
VEN000234;CLI000039;PROD017;13/9/24;1; 249.90; 249.90;Cartão de Crédito
VEN000235;CLI000293;PROD004;14/9/24;1; 2899.90; 2899.90;PIX
VEN000236;CLI000292;PROD013;15/9/24;1; 1099.90; 1099.90;Cartão de Crédito
VEN000237;CLI000138;PROD010;16/9/24;1; 6499.00; 6499.00;Dinheiro Em Espécie
VEN000238;CLI000218;PROD013;17/9/24;1; 1099.90; 1099.90;Cartão de Crédito
VEN000239;CLI000297;PROD030;18/9/24;1; 1199.00; 1199.00;Cartão de Crédito
VEN000240;CLI000277;PROD020;19/9/24;1; 399.90; 399.90;Cartão de Débito
VEN000241;CLI000062;PROD016;20/9/24;3; 89.90; 269.70;Dinheiro Em Espécie
VEN000242;CLI000278;PROD002;21/9/24;2; 4299.00; 8598.00;Cartão de Crédito
VEN000243;CLI000158;PROD017;22/9/24;3; 249.90; 749.70;Cartão de Débito
VEN000244;CLI000182;PROD012;23/9/24;1; 1199.00; 1199.00;PIX
VEN000245;CLI000134;PROD024;24/9/24;2; 279.90; 559.80;PIX
VEN000246;CLI000203;PROD024;25/9/24;2; 279.90; 559.80;Cartão de Crédito
VEN000247;CLI000190;PROD021;26/9/24;1; 59.90; 59.90;Dinheiro Em Espécie
VEN000248;CLI000012;PROD007;27/9/24;3; 4999.00; 14997.00;Cartão de Débito
VEN000249;CLI000178;PROD011;28/9/24;2; 799.90; 1599.80;Cartão de Débito
VEN000250;CLI000229;PROD003;29/9/24;1; 7999.00; 7999.00;Cartão de Crédito
VEN000251;CLI000071;PROD025;30/9/24;1; 239.90; 239.90;PIX
VEN000252;CLI000181;PROD018;1/10/24;2; 139.90; 279.80;PIX
VEN000253;CLI000058;PROD002;2/10/24;2; 4299.00; 8598.00;Cartão de Crédito
VEN000254;CLI000218;PROD023;3/10/24;1; 179.90; 179.90;PIX
VEN000255;CLI000035;PROD029;4/10/24;2; 349.00; 698.00;PIX
VEN000256;CLI000059;PROD005;5/10/24;2; 4899.00; 9798.00;PIX
VEN000257;CLI000168;PROD005;6/10/24;3; 4899.00; 14697.00;PIX
VEN000258;CLI000065;PROD009;7/10/24;1; 2299.90; 2299.90;Cartão de Débito
VEN000259;CLI000213;PROD004;8/10/24;1; 2899.90; 2899.90;Cartão de Crédito
VEN000260;CLI000150;PROD021;9/10/24;2; 59.90; 119.80;PIX
VEN000261;CLI000190;PROD005;10/10/24;3; 4899.00; 14697.00;Cartão de Débito
VEN000262;CLI000225;PROD015;11/10/24;2; 1349.90; 2699.80;Cartão de Crédito
VEN000263;CLI000095;PROD005;12/10/24;1; 4899.00; 4899.00;Cartão de Débito
VEN000264;CLI000081;PROD016;13/10/24;3; 89.90; 269.70;PIX
VEN000265;CLI000158;PROD030;14/10/24;2; 1199.00; 2398.00;PIX
VEN000266;CLI000178;PROD030;15/10/24;2; 1199.00; 2398.00;Cartão de Débito
VEN000267;CLI000077;PROD010;16/10/24;2; 6499.00; 12998.00;Cartão de Débito
VEN000268;CLI000182;PROD001;17/10/24;2; 3499.90; 6999.80;Dinheiro Em Espécie
VEN000269;CLI000144;PROD021;18/10/24;2; 59.90; 119.80;Cartão de Crédito
VEN000270;CLI000173;PROD013;19/10/24;2; 1099.90; 2199.80;PIX
VEN000271;CLI000294;PROD019;20/10/24;1; 199.00; 199.00;PIX
VEN000272;CLI000112;PROD002;21/10/24;1; 4299.00; 4299.00;Cartão de Crédito
VEN000273;CLI000081;PROD006;22/10/24;1; 1799.90; 1799.90;PIX
VEN000274;CLI000297;PROD020;23/10/24;1; 399.90; 399.90;PIX
VEN000275;CLI000285;PROD016;24/10/24;2; 89.90; 179.80;PIX
VEN000276;CLI000032;PROD007;25/10/24;1; 4999.00; 4999.00;Cartão de Crédito
VEN000277;CLI000251;PROD025;26/10/24;1; 239.90; 239.90;PIX
VEN000278;CLI000246;PROD010;27/10/24;2; 6499.00; 12998.00;Dinheiro Em Espécie
VEN000279;CLI000203;PROD023;28/10/24;3; 179.90; 539.70;PIX
VEN000280;CLI000149;PROD003;29/10/24;1; 7999.00; 7999.00;PIX
VEN000281;CLI000059;PROD006;30/10/24;2; 1799.90; 3599.80;Dinheiro Em Espécie
VEN000282;CLI000201;PROD026;31/10/24;3; 1499.00; 4497.00;Cartão de Crédito
VEN000283;CLI000243;PROD002;1/11/24;3; 4299.00; 12897.00;PIX
VEN000284;CLI000228;PROD027;2/11/24;2; 699.90; 1399.80;Cartão de Crédito
VEN000285;CLI000067;PROD012;3/11/24;2; 1199.00; 2398.00;Cartão de Débito
VEN000286;CLI000016;PROD008;4/11/24;2; 1299.00; 2598.00;Cartão de Crédito
VEN000287;CLI000198;PROD023;5/11/24;1; 179.90; 179.90;PIX
VEN000288;CLI000257;PROD030;6/11/24;1; 1199.00; 1199.00;PIX
VEN000289;CLI000052;PROD011;7/11/24;2; 799.90; 1599.80;PIX
VEN000290;CLI000079;PROD025;8/11/24;2; 239.90; 479.80;PIX
VEN000291;CLI000123;PROD030;9/11/24;2; 1199.00; 2398.00;PIX
VEN000292;CLI000228;PROD012;10/11/24;3; 1199.00; 3597.00;PIX
VEN000293;CLI000256;PROD001;11/11/24;1; 3499.90; 3499.90;PIX
VEN000294;CLI000275;PROD020;12/11/24;1; 399.90; 399.90;PIX
VEN000295;CLI000013;PROD027;13/11/24;1; 699.90; 699.90;PIX
VEN000296;CLI000062;PROD016;14/11/24;2; 89.90; 179.80;Cartão de Débito
VEN000297;CLI000166;PROD005;15/11/24;3; 4899.00; 14697.00;Cartão de Débito
VEN000298;CLI000091;PROD002;16/11/24;3; 4299.00; 12897.00;Cartão de Débito
VEN000299;CLI000109;PROD025;17/11/24;2; 239.90; 479.80;Cartão de Débito
VEN000300;CLI000242;PROD005;18/11/24;2; 4899.00; 9798.00;Cartão de Débito
VEN000301;CLI000287;PROD008;19/11/24;1; 1299.00; 1299.00;Cartão de Débito
VEN000302;CLI000021;PROD014;20/11/24;1; 2499.00; 2499.00;Cartão de Débito
VEN000303;CLI000027;PROD010;21/11/24;2; 6499.00; 12998.00;Cartão de Débito
VEN000304;CLI000090;PROD009;22/11/24;1; 2299.90; 2299.90;PIX
VEN000305;CLI000095;PROD024;23/11/24;1; 279.90; 279.90;PIX
VEN000306;CLI000101;PROD008;24/11/24;1; 1299.00; 1299.00;PIX
VEN000307;CLI000132;PROD007;25/11/24;3; 4999.00; 14997.00;Cartão de Crédito
VEN000308;CLI000082;PROD022;26/11/24;2; 219.90; 439.80;Cartão de Débito
VEN000309;CLI000107;PROD016;27/11/24;1; 89.90; 89.90;Cartão de Crédito
VEN000310;CLI000153;PROD015;28/11/24;1; 1349.90; 1349.90;Cartão de Débito
VEN000311;CLI000126;PROD014;29/11/24;1; 2499.00; 2499.00;PIX
VEN000312;CLI000147;PROD001;30/11/24;1; 3499.90; 3499.90;PIX
VEN000313;CLI000036;PROD016;1/12/24;1; 89.90; 89.90;PIX
VEN000314;CLI000290;PROD020;2/12/24;1; 399.90; 399.90;PIX
VEN000315;CLI000298;PROD004;3/12/24;1; 2899.90; 2899.90;PIX
VEN000316;CLI000242;PROD002;4/12/24;2; 4299.00; 8598.00;PIX
VEN000317;CLI000163;PROD022;5/12/24;3; 219.90; 659.70;PIX
VEN000318;CLI000231;PROD027;6/12/24;1; 699.90; 699.90;Cartão de Crédito
VEN000319;CLI000095;PROD017;7/12/24;1; 249.90; 249.90;Cartão de Débito
VEN000320;CLI000083;PROD003;8/12/24;1; 7999.00; 7999.00;Cartão de Crédito
VEN000321;CLI000172;PROD030;9/12/24;1; 1199.00; 1199.00;Cartão de Débito
VEN000322;CLI000054;PROD029;10/12/24;1; 349.00; 349.00;PIX
VEN000323;CLI000015;PROD003;11/12/24;1; 7999.00; 7999.00;Cartão de Crédito
VEN000324;CLI000297;PROD023;12/12/24;1; 179.90; 179.90;Cartão de Crédito
VEN000325;CLI000190;PROD006;13/12/24;1; 1799.90; 1799.90;Cartão de Crédito
VEN000326;CLI000051;PROD017;14/12/24;1; 249.90; 249.90;PIX
VEN000327;CLI000110;PROD010;15/12/24;3; 6499.00; 19497.00;Cartão de Crédito
VEN000328;CLI000229;PROD009;16/12/24;1; 2299.90; 2299.90;Cartão de Débito
VEN000329;CLI000088;PROD022;17/12/24;2; 219.90; 439.80;Dinheiro Em Espécie
VEN000330;CLI000045;PROD030;18/12/24;2; 1199.00; 2398.00;Cartão de Crédito
VEN000331;CLI000268;PROD012;19/12/24;1; 1199.00; 1199.00;Cartão de Crédito
VEN000332;CLI000237;PROD029;20/12/24;1; 349.00; 349.00;PIX
VEN000333;CLI000052;PROD030;21/12/24;1; 1199.00; 1199.00;PIX
VEN000334;CLI000047;PROD007;22/12/24;2; 4999.00; 9998.00;PIX
VEN000335;CLI000163;PROD012;23/12/24;2; 1199.00; 2398.00;Cartão de Crédito
VEN000336;CLI000079;PROD017;24/12/24;2; 249.90; 499.80;Cartão de Crédito
VEN000337;CLI000096;PROD018;25/12/24;1; 139.90; 139.90;Cartão de Crédito
VEN000338;CLI000143;PROD024;26/12/24;2; 279.90; 559.80;PIX
VEN000339;CLI000091;PROD007;27/12/24;1; 4999.00; 4999.00;Cartão de Crédito
VEN000340;CLI000202;PROD006;28/12/24;3; 1799.90; 5399.70;Cartão de Crédito
VEN000341;CLI000060;PROD019;29/12/24;2; 199.00; 398.00;Cartão de Crédito
VEN000342;CLI000175;PROD030;30/12/24;2; 1199.00; 2398.00;Cartão de Crédito
VEN000343;CLI000026;PROD024;31/12/24;3; 279.90; 839.70;Cartão de Crédito
VEN000344;CLI000244;PROD002;1/1/25;2; 4299.00; 8598.00;Cartão de Débito
VEN000345;CLI000034;PROD029;2/1/25;3; 349.00; 1047.00;PIX
VEN000346;CLI000265;PROD014;3/1/25;1; 2499.00; 2499.00;Cartão de Crédito
VEN000347;CLI000108;PROD029;4/1/25;3; 349.00; 1047.00;Cartão de Débito
VEN000348;CLI000110;PROD004;5/1/25;2; 2899.90; 5799.80;PIX
VEN000349;CLI000175;PROD029;6/1/25;2; 349.00; 698.00;Cartão de Crédito
VEN000350;CLI000184;PROD011;7/1/25;2; 799.90; 1599.80;Cartão de Crédito
VEN000351;CLI000017;PROD017;8/1/25;1; 249.90; 249.90;PIX
VEN000352;CLI000229;PROD003;9/1/25;1; 7999.00; 7999.00;PIX
VEN000353;CLI000294;PROD014;10/1/25;1; 2499.00; 2499.00;Cartão de Débito
VEN000354;CLI000144;PROD011;11/1/25;1; 799.90; 799.90;Cartão de Crédito
VEN000355;CLI000032;PROD013;12/1/25;1; 1099.90; 1099.90;Cartão de Crédito
VEN000356;CLI000047;PROD002;13/1/25;2; 4299.00; 8598.00;PIX
VEN000357;CLI000139;PROD017;14/1/25;2; 249.90; 499.80;Cartão de Débito
VEN000358;CLI000080;PROD011;15/1/25;3; 799.90; 2399.70;Cartão de Débito
VEN000359;CLI000222;PROD012;16/1/25;1; 1199.00; 1199.00;Cartão de Crédito
VEN000360;CLI000076;PROD025;17/1/25;1; 239.90; 239.90;Dinheiro Em Espécie
VEN000361;CLI000257;PROD021;18/1/25;2; 59.90; 119.80;PIX
VEN000362;CLI000266;PROD022;19/1/25;3; 219.90; 659.70;Cartão de Crédito
VEN000363;CLI000217;PROD006;20/1/25;1; 1799.90; 1799.90;Cartão de Crédito
VEN000364;CLI000107;PROD018;21/1/25;1; 139.90; 139.90;Cartão de Débito
VEN000365;CLI000102;PROD022;22/1/25;1; 219.90; 219.90;Dinheiro Em Espécie
VEN000366;CLI000248;PROD005;23/1/25;3; 4899.00; 14697.00;Cartão de Débito
VEN000367;CLI000230;PROD010;24/1/25;1; 6499.00; 6499.00;PIX
VEN000368;CLI000155;PROD007;25/1/25;1; 4999.00; 4999.00;PIX
VEN000369;CLI000067;PROD022;26/1/25;1; 219.90; 219.90;PIX
VEN000370;CLI000036;PROD016;27/1/25;1; 89.90; 89.90;Cartão de Crédito
VEN000371;CLI000028;PROD023;28/1/25;1; 179.90; 179.90;Dinheiro Em Espécie
VEN000372;CLI000225;PROD021;29/1/25;1; 59.90; 59.90;Cartão de Crédito
VEN000373;CLI000118;PROD003;30/1/25;3; 7999.00; 23997.00;PIX
VEN000374;CLI000252;PROD030;31/1/25;3; 1199.00; 3597.00;Cartão de Crédito
VEN000375;CLI000119;PROD002;1/2/25;1; 4299.00; 4299.00;Cartão de Débito
VEN000376;CLI000226;PROD009;2/2/25;3; 2299.90; 6899.70;PIX
VEN000377;CLI000248;PROD018;3/2/25;1; 139.90; 139.90;PIX
VEN000378;CLI000134;PROD016;4/2/25;1; 89.90; 89.90;PIX
VEN000379;CLI000178;PROD029;5/2/25;1; 349.00; 349.00;Cartão de Crédito
VEN000380;CLI000050;PROD019;6/2/25;2; 199.00; 398.00;Cartão de Crédito
VEN000381;CLI000274;PROD008;7/2/25;3; 1299.00; 3897.00;PIX
VEN000382;CLI000135;PROD025;8/2/25;2; 239.90; 479.80;PIX
VEN000383;CLI000116;PROD015;9/2/25;3; 1349.90; 4049.70;Cartão de Débito
VEN000384;CLI000297;PROD001;10/2/25;3; 3499.90; 10499.70;Cartão de Crédito
VEN000385;CLI000205;PROD012;11/2/25;2; 1199.00; 2398.00;Cartão de Crédito
VEN000386;CLI000119;PROD011;12/2/25;2; 799.90; 1599.80;PIX
VEN000387;CLI000167;PROD026;13/2/25;3; 1499.00; 4497.00;Cartão de Débito
VEN000388;CLI000278;PROD030;14/2/25;2; 1199.00; 2398.00;PIX
VEN000389;CLI000291;PROD001;15/2/25;3; 3499.90; 10499.70;Cartão de Crédito
VEN000390;CLI000013;PROD013;16/2/25;3; 1099.90; 3299.70;PIX
VEN000391;CLI000156;PROD022;17/2/25;2; 219.90; 439.80;Cartão de Crédito
VEN000392;CLI000037;PROD030;18/2/25;2; 1199.00; 2398.00;PIX
VEN000393;CLI000205;PROD002;19/2/25;1; 4299.00; 4299.00;Cartão de Crédito
VEN000394;CLI000163;PROD006;20/2/25;1; 1799.90; 1799.90;PIX
VEN000395;CLI000252;PROD020;21/2/25;2; 399.90; 799.80;Cartão de Crédito
VEN000396;CLI000286;PROD022;22/2/25;3; 219.90; 659.70;PIX
VEN000397;CLI000165;PROD013;23/2/25;2; 1099.90; 2199.80;PIX
VEN000398;CLI000023;PROD027;24/2/25;3; 699.90; 2099.70;Cartão de Crédito
VEN000399;CLI000224;PROD027;25/2/25;1; 699.90; 699.90;PIX
VEN000400;CLI000268;PROD025;26/2/25;3; 239.90; 719.70;PIX
VEN000401;CLI000282;PROD009;27/2/25;1; 2299.90; 2299.90;Cartão de Crédito
VEN000402;CLI000223;PROD002;28/2/25;2; 4299.00; 8598.00;PIX
VEN000403;CLI000260;PROD026;1/3/25;1; 1499.00; 1499.00;Cartão de Débito
VEN000404;CLI000064;PROD026;2/3/25;3; 1499.00; 4497.00;Cartão de Débito
VEN000405;CLI000020;PROD028;3/3/25;1; 189.90; 189.90;PIX
VEN000406;CLI000236;PROD010;4/3/25;2; 6499.00; 12998.00;PIX
VEN000407;CLI000125;PROD028;5/3/25;1; 189.90; 189.90;Cartão de Débito
VEN000408;CLI000203;PROD014;6/3/25;2; 2499.00; 4998.00;Dinheiro Em Espécie
VEN000409;CLI000004;PROD013;7/3/25;1; 1099.90; 1099.90;PIX
VEN000410;CLI000206;PROD018;8/3/25;1; 139.90; 139.90;Cartão de Crédito
VEN000411;CLI000028;PROD020;9/3/25;1; 399.90; 399.90;PIX
VEN000412;CLI000023;PROD024;10/3/25;2; 279.90; 559.80;Cartão de Crédito
VEN000413;CLI000186;PROD028;11/3/25;1; 189.90; 189.90;Cartão de Crédito
VEN000414;CLI000115;PROD015;12/3/25;3; 1349.90; 4049.70;Cartão de Crédito
VEN000415;CLI000047;PROD009;13/3/25;1; 2299.90; 2299.90;Dinheiro Em Espécie
VEN000416;CLI000208;PROD023;14/3/25;2; 179.90; 359.80;Cartão de Crédito
VEN000417;CLI000157;PROD021;15/3/25;2; 59.90; 119.80;Cartão de Crédito
VEN000418;CLI000260;PROD003;16/3/25;2; 7999.00; 15998.00;PIX
VEN000419;CLI000112;PROD008;17/3/25;1; 1299.00; 1299.00;Dinheiro Em Espécie
VEN000420;CLI000269;PROD025;18/3/25;2; 239.90; 479.80;PIX
VEN000421;CLI000169;PROD009;19/3/25;1; 2299.90; 2299.90;Cartão de Crédito
VEN000422;CLI000196;PROD018;20/3/25;1; 139.90; 139.90;Cartão de Débito
VEN000423;CLI000056;PROD005;21/3/25;1; 4899.00; 4899.00;Cartão de Crédito
VEN000424;CLI000023;PROD010;22/3/25;2; 6499.00; 12998.00;Cartão de Crédito
VEN000425;CLI000124;PROD027;23/3/25;2; 699.90; 1399.80;PIX
VEN000426;CLI000237;PROD007;24/3/25;2; 4999.00; 9998.00;PIX
VEN000427;CLI000295;PROD011;25/3/25;2; 799.90; 1599.80;Dinheiro Em Espécie
VEN000428;CLI000190;PROD005;26/3/25;2; 4899.00; 9798.00;PIX
VEN000429;CLI000219;PROD024;27/3/25;1; 279.90; 279.90;Cartão de Crédito
VEN000430;CLI000286;PROD004;28/3/25;1; 2899.90; 2899.90;Cartão de Débito
VEN000431;CLI000048;PROD006;29/3/25;1; 1799.90; 1799.90;PIX
VEN000432;CLI000066;PROD030;30/3/25;2; 1199.00; 2398.00;Dinheiro Em Espécie
VEN000433;CLI000132;PROD028;31/3/25;3; 189.90; 569.70;PIX
VEN000434;CLI000286;PROD007;1/4/25;1; 4999.00; 4999.00;PIX
VEN000435;CLI000293;PROD008;2/4/25;1; 1299.00; 1299.00;Cartão de Débito
VEN000436;CLI000110;PROD004;3/4/25;1; 2899.90; 2899.90;Dinheiro Em Espécie
VEN000437;CLI000297;PROD029;4/4/25;2; 349.00; 698.00;PIX
VEN000438;CLI000093;PROD015;5/4/25;1; 1349.90; 1349.90;PIX
VEN000439;CLI000029;PROD013;6/4/25;1; 1099.90; 1099.90;Cartão de Débito
VEN000440;CLI000269;PROD008;7/4/25;2; 1299.00; 2598.00;PIX
VEN000441;CLI000197;PROD009;8/4/25;1; 2299.90; 2299.90;Cartão de Crédito
VEN000442;CLI000190;PROD030;9/4/25;1; 1199.00; 1199.00;Cartão de Crédito
VEN000443;CLI000045;PROD019;10/4/25;1; 199.00; 199.00;Cartão de Crédito
VEN000444;CLI000148;PROD004;11/4/25;1; 2899.90; 2899.90;Dinheiro Em Espécie
VEN000445;CLI000162;PROD025;12/4/25;2; 239.90; 479.80;PIX
VEN000446;CLI000164;PROD018;13/4/25;1; 139.90; 139.90;Cartão de Crédito
VEN000447;CLI000249;PROD010;14/4/25;1; 6499.00; 6499.00;PIX
VEN000448;CLI000167;PROD019;15/4/25;1; 199.00; 199.00;Cartão de Débito
VEN000449;CLI000012;PROD007;16/4/25;2; 4999.00; 9998.00;Cartão de Débito
VEN000450;CLI000105;PROD019;17/4/25;2; 199.00; 398.00;PIX
VEN000451;CLI000115;PROD025;18/4/25;2; 239.90; 479.80;Cartão de Crédito
VEN000452;CLI000074;PROD014;19/4/25;2; 2499.00; 4998.00;Cartão de Crédito
VEN000453;CLI000133;PROD017;20/4/25;1; 249.90; 249.90;Cartão de Crédito
VEN000454;CLI000076;PROD003;21/4/25;3; 7999.00; 23997.00;Cartão de Débito
VEN000455;CLI000104;PROD029;22/4/25;2; 349.00; 698.00;Cartão de Crédito
VEN000456;CLI000040;PROD014;23/4/25;1; 2499.00; 2499.00;Cartão de Crédito
VEN000457;CLI000234;PROD027;24/4/25;2; 699.90; 1399.80;Cartão de Crédito
VEN000458;CLI000245;PROD027;25/4/25;3; 699.90; 2099.70;PIX
VEN000459;CLI000030;PROD006;26/4/25;3; 1799.90; 5399.70;PIX
VEN000460;CLI000210;PROD024;27/4/25;2; 279.90; 559.80;Cartão de Débito
VEN000461;CLI000230;PROD001;28/4/25;2; 3499.90; 6999.80;Cartão de Crédito
VEN000462;CLI000011;PROD028;29/4/25;2; 189.90; 379.80;Cartão de Crédito
VEN000463;CLI000242;PROD017;30/4/25;3; 249.90; 749.70;PIX
VEN000464;CLI000250;PROD001;1/5/25;1; 3499.90; 3499.90;Cartão de Débito
VEN000465;CLI000006;PROD004;2/5/25;1; 2899.90; 2899.90;PIX
VEN000466;CLI000183;PROD006;3/5/25;1; 1799.90; 1799.90;PIX
VEN000467;CLI000146;PROD029;4/5/25;2; 349.00; 698.00;PIX
VEN000468;CLI000185;PROD028;5/5/25;1; 189.90; 189.90;Dinheiro Em Espécie
VEN000469;CLI000284;PROD023;6/5/25;1; 179.90; 179.90;PIX
VEN000470;CLI000300;PROD017;7/5/25;2; 249.90; 499.80;Cartão de Débito
VEN000471;CLI000019;PROD013;8/5/25;1; 1099.90; 1099.90;Cartão de Crédito
VEN000472;CLI000261;PROD003;9/5/25;3; 7999.00; 23997.00;PIX
VEN000473;CLI000054;PROD023;10/5/25;1; 179.90; 179.90;Dinheiro Em Espécie
VEN000474;CLI000117;PROD030;11/5/25;1; 1199.00; 1199.00;PIX
VEN000475;CLI000069;PROD008;12/5/25;1; 1299.00; 1299.00;Cartão de Crédito
VEN000476;CLI000294;PROD008;13/5/25;1; 1299.00; 1299.00;Cartão de Crédito
VEN000477;CLI000216;PROD012;14/5/25;3; 1199.00; 3597.00;Cartão de Crédito
VEN000478;CLI000255;PROD007;15/5/25;1; 4999.00; 4999.00;Cartão de Crédito
VEN000479;CLI000284;PROD013;16/5/25;1; 1099.90; 1099.90;Cartão de Crédito
VEN000480;CLI000192;PROD014;17/5/25;1; 2499.00; 2499.00;Cartão de Crédito
VEN000481;CLI000001;PROD021;18/5/25;1; 59.90; 59.90;Dinheiro Em Espécie
VEN000482;CLI000076;PROD012;19/5/25;1; 1199.00; 1199.00;Cartão de Crédito
VEN000483;CLI000039;PROD023;20/5/25;1; 179.90; 179.90;Cartão de Crédito
VEN000484;CLI000247;PROD017;21/5/25;2; 249.90; 499.80;PIX
VEN000485;CLI000111;PROD011;22/5/25;1; 799.90; 799.90;Cartão de Crédito
VEN000486;CLI000100;PROD003;23/5/25;1; 7999.00; 7999.00;Cartão de Crédito
VEN000487;CLI000183;PROD008;24/5/25;3; 1299.00; 3897.00;PIX
VEN000488;CLI000176;PROD016;25/5/25;2; 89.90; 179.80;Cartão de Débito
VEN000489;CLI000105;PROD002;26/5/25;1; 4299.00; 4299.00;Cartão de Crédito
VEN000490;CLI000019;PROD027;27/5/25;2; 699.90; 1399.80;Cartão de Crédito
VEN000491;CLI000215;PROD027;28/5/25;1; 699.90; 699.90;Dinheiro Em Espécie
VEN000492;CLI000214;PROD020;29/5/25;1; 399.90; 399.90;Cartão de Crédito
VEN000493;CLI000222;PROD026;30/5/25;1; 1499.00; 1499.00;PIX
VEN000494;CLI000229;PROD011;31/5/25;3; 799.90; 2399.70;Dinheiro Em Espécie
VEN000495;CLI000096;PROD007;1/6/25;1; 4999.00; 4999.00;PIX
VEN000496;CLI000164;PROD028;2/6/25;2; 189.90; 379.80;Dinheiro Em Espécie
VEN000497;CLI000148;PROD022;3/6/25;2; 219.90; 439.80;Cartão de Crédito
VEN000498;CLI000187;PROD021;4/6/25;3; 59.90; 179.70;Cartão de Débito
VEN000499;CLI000184;PROD008;5/6/25;2; 1299.00; 2598.00;PIX
VEN000500;CLI000075;PROD023;6/6/25;3; 179.90; 539.70;Cartão de Crédito
VEN000501;CLI000194;PROD024;7/6/25;2; 279.90; 559.80;Cartão de Crédito
VEN000502;CLI000172;PROD002;8/6/25;2; 4299.00; 8598.00;PIX
VEN000503;CLI000152;PROD005;9/6/25;1; 4899.00; 4899.00;Cartão de Crédito
VEN000504;CLI000284;PROD015;10/6/25;1; 1349.90; 1349.90;PIX
VEN000505;CLI000088;PROD015;11/6/25;1; 1349.90; 1349.90;Dinheiro Em Espécie
VEN000506;CLI000068;PROD020;12/6/25;1; 399.90; 399.90;PIX
VEN000507;CLI000074;PROD014;13/6/25;2; 2499.00; 4998.00;Cartão de Crédito
VEN000508;CLI000279;PROD004;14/6/25;1; 2899.90; 2899.90;PIX
VEN000509;CLI000250;PROD016;15/6/25;1; 89.90; 89.90;PIX
VEN000510;CLI000286;PROD007;16/6/25;2; 4999.00; 9998.00;Cartão de Crédito
VEN000511;CLI000275;PROD019;17/6/25;1; 199.00; 199.00;Dinheiro Em Espécie
VEN000512;CLI000204;PROD030;18/6/25;3; 1199.00; 3597.00;Cartão de Crédito
VEN000513;CLI000270;PROD005;19/6/25;3; 4899.00; 14697.00;Cartão de Crédito
VEN000514;CLI000278;PROD027;20/6/25;3; 699.90; 2099.70;PIX
VEN000515;CLI000115;PROD024;21/6/25;1; 279.90; 279.90;Cartão de Crédito
VEN000516;CLI000244;PROD018;22/6/25;1; 139.90; 139.90;PIX
VEN000517;CLI000132;PROD013;23/6/25;1; 1099.90; 1099.90;Cartão de Crédito
VEN000518;CLI000067;PROD016;24/6/25;1; 89.90; 89.90;Cartão de Crédito
VEN000519;CLI000130;PROD022;25/6/25;1; 219.90; 219.90;PIX
VEN000520;CLI000269;PROD023;26/6/25;3; 179.90; 539.70;PIX
VEN000521;CLI000260;PROD028;27/6/25;3; 189.90; 569.70;Cartão de Crédito
VEN000522;CLI000193;PROD027;28/6/25;1; 699.90; 699.90;PIX
VEN000523;CLI000050;PROD002;29/6/25;3; 4299.00; 12897.00;Cartão de Débito
VEN000524;CLI000081;PROD025;30/6/25;1; 239.90; 239.90;PIX
VEN000525;CLI000260;PROD016;1/7/25;2; 89.90; 179.80;Cartão de Débito
VEN000526;CLI000080;PROD004;2/7/25;3; 2899.90; 8699.70;Cartão de Crédito
VEN000527;CLI000206;PROD004;3/7/25;1; 2899.90; 2899.90;Cartão de Crédito
VEN000528;CLI000122;PROD011;4/7/25;1; 799.90; 799.90;Cartão de Crédito
VEN000529;CLI000245;PROD015;5/7/25;1; 1349.90; 1349.90;Cartão de Crédito
VEN000530;CLI000031;PROD013;6/7/25;2; 1099.90; 2199.80;Cartão de Débito
VEN000531;CLI000226;PROD002;7/7/25;2; 4299.00; 8598.00;PIX
VEN000532;CLI000299;PROD023;8/7/25;1; 179.90; 179.90;Cartão de Débito
VEN000533;CLI000244;PROD022;9/7/25;1; 219.90; 219.90;Dinheiro Em Espécie
VEN000534;CLI000182;PROD021;10/7/25;2; 59.90; 119.80;Cartão de Crédito
VEN000535;CLI000022;PROD007;11/7/25;1; 4999.00; 4999.00;PIX
VEN000536;CLI000113;PROD021;12/7/25;1; 59.90; 59.90;PIX
VEN000537;CLI000097;PROD019;13/7/25;3; 199.00; 597.00;Cartão de Crédito
VEN000538;CLI000149;PROD017;14/7/25;2; 249.90; 499.80;PIX
VEN000539;CLI000277;PROD010;15/7/25;1; 6499.00; 6499.00;PIX
VEN000540;CLI000225;PROD022;16/7/25;2; 219.90; 439.80;PIX
VEN000541;CLI000199;PROD011;17/7/25;1; 799.90; 799.90;Cartão de Débito
VEN000542;CLI000051;PROD015;18/7/25;1; 1349.90; 1349.90;PIX
VEN000543;CLI000241;PROD025;19/7/25;1; 239.90; 239.90;Cartão de Crédito
VEN000544;CLI000181;PROD007;20/7/25;3; 4999.00; 14997.00;PIX
VEN000545;CLI000003;PROD023;21/7/25;1; 179.90; 179.90;PIX
VEN000546;CLI000026;PROD009;22/7/25;1; 2299.90; 2299.90;PIX
VEN000547;CLI000064;PROD027;23/7/25;1; 699.90; 699.90;Cartão de Crédito
VEN000548;CLI000183;PROD021;24/7/25;1; 59.90; 59.90;Cartão de Débito
VEN000549;CLI000207;PROD023;25/7/25;3; 179.90; 539.70;Cartão de Crédito
VEN000550;CLI000219;PROD029;26/7/25;1; 349.00; 349.00;PIX
VEN000551;CLI000023;PROD007;27/7/25;1; 4999.00; 4999.00;PIX
VEN000552;CLI000093;PROD021;28/7/25;3; 59.90; 179.70;PIX
VEN000553;CLI000060;PROD002;29/7/25;1; 4299.00; 4299.00;Cartão de Débito
VEN000554;CLI000016;PROD004;30/7/25;1; 2899.90; 2899.90;PIX
VEN000555;CLI000102;PROD022;31/7/25;3; 219.90; 659.70;PIX
VEN000556;CLI000042;PROD020;1/8/25;3; 399.90; 1199.70;Cartão de Crédito
VEN000557;CLI000269;PROD018;2/8/25;1; 139.90; 139.90;Dinheiro Em Espécie
VEN000558;CLI000104;PROD015;3/8/25;1; 1349.90; 1349.90;PIX
VEN000559;CLI000043;PROD025;4/8/25;2; 239.90; 479.80;PIX
VEN000560;CLI000027;PROD001;5/8/25;1; 3499.90; 3499.90;PIX
VEN000561;CLI000002;PROD014;6/8/25;2; 2499.00; 4998.00;Cartão de Crédito
VEN000562;CLI000176;PROD004;7/8/25;1; 2899.90; 2899.90;PIX
VEN000563;CLI000277;PROD016;8/8/25;3; 89.90; 269.70;Cartão de Débito
VEN000564;CLI000078;PROD018;9/8/25;3; 139.90; 419.70;PIX
VEN000565;CLI000022;PROD015;10/8/25;3; 1349.90; 4049.70;Cartão de Crédito
VEN000566;CLI000221;PROD018;11/8/25;3; 139.90; 419.70;PIX
VEN000567;CLI000008;PROD003;12/8/25;1; 7999.00; 7999.00;Cartão de Débito
VEN000568;CLI000029;PROD023;13/8/25;2; 179.90; 359.80;Cartão de Crédito
VEN000569;CLI000081;PROD022;14/8/25;3; 219.90; 659.70;Cartão de Débito
VEN000570;CLI000255;PROD015;15/8/25;2; 1349.90; 2699.80;PIX
VEN000571;CLI000006;PROD015;16/8/25;1; 1349.90; 1349.90;Dinheiro Em Espécie
VEN000572;CLI000013;PROD028;17/8/25;1; 189.90; 189.90;PIX
VEN000573;CLI000155;PROD013;18/8/25;1; 1099.90; 1099.90;Dinheiro Em Espécie
VEN000574;CLI000129;PROD011;19/8/25;1; 799.90; 799.90;Cartão de Débito
VEN000575;CLI000244;PROD002;20/8/25;1; 4299.00; 4299.00;Cartão de Crédito
VEN000576;CLI000236;PROD009;21/8/25;1; 2299.90; 2299.90;Cartão de Débito
VEN000577;CLI000021;PROD020;22/8/25;1; 399.90; 399.90;Cartão de Crédito
VEN000578;CLI000012;PROD015;23/8/25;1; 1349.90; 1349.90;Dinheiro Em Espécie
VEN000579;CLI000081;PROD018;24/8/25;2; 139.90; 279.80;Cartão de Débito
VEN000580;CLI000285;PROD012;25/8/25;2; 1199.00; 2398.00;PIX
VEN000581;CLI000232;PROD016;26/8/25;1; 89.90; 89.90;Dinheiro Em Espécie
VEN000582;CLI000070;PROD018;27/8/25;3; 139.90; 419.70;PIX
VEN000583;CLI000086;PROD018;28/8/25;1; 139.90; 139.90;Cartão de Crédito
VEN000584;CLI000191;PROD017;29/8/25;1; 249.90; 249.90;PIX
VEN000585;CLI000162;PROD008;30/8/25;3; 1299.00; 3897.00;PIX
VEN000586;CLI000193;PROD007;31/8/25;2; 4999.00; 9998.00;PIX
VEN000587;CLI000020;PROD009;1/9/25;1; 2299.90; 2299.90;Cartão de Crédito
VEN000588;CLI000135;PROD029;2/9/25;1; 349.00; 349.00;Cartão de Crédito
VEN000589;CLI000252;PROD008;3/9/25;2; 1299.00; 2598.00;Cartão de Crédito
VEN000590;CLI000209;PROD024;4/9/25;2; 279.90; 559.80;Cartão de Crédito
VEN000591;CLI000251;PROD017;5/9/25;2; 249.90; 499.80;Cartão de Crédito
VEN000592;CLI000032;PROD005;6/9/25;1; 4899.00; 4899.00;PIX
VEN000593;CLI000242;PROD026;7/9/25;1; 1499.00; 1499.00;PIX
VEN000594;CLI000091;PROD027;8/9/25;1; 699.90; 699.90;Cartão de Débito
VEN000595;CLI000193;PROD025;9/9/25;1; 239.90; 239.90;Cartão de Débito
VEN000596;CLI000053;PROD027;10/9/25;1; 699.90; 699.90;Cartão de Crédito
VEN000597;CLI000046;PROD002;11/9/25;1; 4299.00; 4299.00;Cartão de Débito
VEN000598;CLI000014;PROD015;12/9/25;3; 1349.90; 4049.70;Cartão de Crédito
VEN000599;CLI000070;PROD006;13/9/25;1; 1799.90; 1799.90;Cartão de Débito
VEN000600;CLI000243;PROD028;14/9/25;2; 189.90; 379.80;Cartão de Crédito
VEN000601;CLI000191;PROD029;15/9/25;1; 349.00; 349.00;PIX
VEN000602;CLI000209;PROD021;16/9/25;1; 59.90; 59.90;Cartão de Crédito
VEN000603;CLI000234;PROD028;17/9/25;3; 189.90; 569.70;Cartão de Crédito
VEN000604;CLI000024;PROD010;18/9/25;2; 6499.00; 12998.00;Dinheiro Em Espécie
VEN000605;CLI000085;PROD015;19/9/25;3; 1349.90; 4049.70;Dinheiro Em Espécie
VEN000606;CLI000100;PROD021;20/9/25;2; 59.90; 119.80;Cartão de Crédito
VEN000607;CLI000064;PROD021;21/9/25;2; 59.90; 119.80;PIX
VEN000608;CLI000294;PROD011;22/9/25;1; 799.90; 799.90;PIX
VEN000609;CLI000168;PROD026;23/9/25;2; 1499.00; 2998.00;Cartão de Crédito
VEN000610;CLI000106;PROD012;24/9/25;1; 1199.00; 1199.00;Cartão de Crédito
VEN000611;CLI000136;PROD026;25/9/25;2; 1499.00; 2998.00;Cartão de Débito
VEN000612;CLI000274;PROD018;26/9/25;1; 139.90; 139.90;Cartão de Débito
VEN000613;CLI000297;PROD009;27/9/25;3; 2299.90; 6899.70;Cartão de Crédito
VEN000614;CLI000282;PROD026;28/9/25;1; 1499.00; 1499.00;Cartão de Crédito
VEN000615;CLI000274;PROD009;29/9/25;1; 2299.90; 2299.90;PIX
VEN000616;CLI000284;PROD028;30/9/25;2; 189.90; 379.80;PIX
VEN000617;CLI000082;PROD008;1/10/25;1; 1299.00; 1299.00;Cartão de Crédito
VEN000618;CLI000296;PROD030;2/10/25;3; 1199.00; 3597.00;PIX
VEN000619;CLI000147;PROD020;3/10/25;1; 399.90; 399.90;PIX
VEN000620;CLI000180;PROD024;4/10/25;1; 279.90; 279.90;Cartão de Crédito
VEN000621;CLI000234;PROD025;5/10/25;3; 239.90; 719.70;PIX
VEN000622;CLI000120;PROD010;6/10/25;3; 6499.00; 19497.00;Cartão de Crédito
VEN000623;CLI000096;PROD012;7/10/25;3; 1199.00; 3597.00;PIX
VEN000624;CLI000152;PROD019;8/10/25;1; 199.00; 199.00;Dinheiro Em Espécie
VEN000625;CLI000153;PROD028;9/10/25;2; 189.90; 379.80;Cartão de Débito
VEN000626;CLI000256;PROD009;10/10/25;2; 2299.90; 4599.80;PIX
VEN000627;CLI000202;PROD014;11/10/25;1; 2499.00; 2499.00;Cartão de Crédito
VEN000628;CLI000241;PROD019;12/10/25;2; 199.00; 398.00;PIX
VEN000629;CLI000001;PROD030;13/10/25;1; 1199.00; 1199.00;Cartão de Crédito
VEN000630;CLI000043;PROD022;14/10/25;1; 219.90; 219.90;PIX
VEN000631;CLI000051;PROD028;15/10/25;2; 189.90; 379.80;Cartão de Crédito
VEN000632;CLI000142;PROD021;16/10/25;2; 59.90; 119.80;PIX
VEN000633;CLI000036;PROD025;17/10/25;1; 239.90; 239.90;Cartão de Crédito
VEN000634;CLI000129;PROD004;18/10/25;1; 2899.90; 2899.90;Cartão de Crédito
VEN000635;CLI000189;PROD004;19/10/25;1; 2899.90; 2899.90;PIX
VEN000636;CLI000285;PROD007;20/10/25;1; 4999.00; 4999.00;Cartão de Crédito
VEN000637;CLI000051;PROD020;21/10/25;1; 399.90; 399.90;Dinheiro Em Espécie
VEN000638;CLI000036;PROD020;22/10/25;3; 399.90; 1199.70;Cartão de Crédito
VEN000639;CLI000117;PROD016;23/10/25;3; 89.90; 269.70;Cartão de Crédito
VEN000640;CLI000121;PROD026;24/10/25;1; 1499.00; 1499.00;PIX
VEN000641;CLI000035;PROD023;25/10/25;3; 179.90; 539.70;Cartão de Crédito
VEN000642;CLI000019;PROD017;26/10/25;2; 249.90; 499.80;PIX
VEN000643;CLI000261;PROD022;27/10/25;3; 219.90; 659.70;PIX
VEN000644;CLI000199;PROD007;28/10/25;1; 4999.00; 4999.00;Cartão de Débito
VEN000645;CLI000183;PROD019;29/10/25;1; 199.00; 199.00;PIX
VEN000646;CLI000011;PROD001;30/10/25;1; 3499.90; 3499.90;Cartão de Débito
VEN000647;CLI000021;PROD027;31/10/25;3; 699.90; 2099.70;Cartão de Crédito
VEN000648;CLI000269;PROD026;1/11/25;2; 1499.00; 2998.00;PIX
VEN000649;CLI000210;PROD014;2/11/25;2; 2499.00; 4998.00;Cartão de Crédito
VEN000650;CLI000252;PROD026;3/11/25;2; 1499.00; 2998.00;Cartão de Crédito
VEN000651;CLI000099;PROD021;4/11/25;1; 59.90; 59.90;PIX
VEN000652;CLI000039;PROD019;5/11/25;3; 199.00; 597.00;PIX
VEN000653;CLI000125;PROD011;6/11/25;1; 799.90; 799.90;Cartão de Crédito
VEN000654;CLI000050;PROD027;7/11/25;1; 699.90; 699.90;PIX
VEN000655;CLI000135;PROD029;8/11/25;3; 349.00; 1047.00;PIX
VEN000656;CLI000031;PROD023;9/11/25;1; 179.90; 179.90;Cartão de Crédito
VEN000657;CLI000144;PROD017;10/11/25;2; 249.90; 499.80;Cartão de Crédito
VEN000658;CLI000138;PROD019;11/11/25;1; 199.00; 199.00;Cartão de Crédito
VEN000659;CLI000025;PROD027;12/11/25;2; 699.90; 1399.80;PIX
VEN000660;CLI000010;PROD025;13/11/25;2; 239.90; 479.80;PIX
VEN000661;CLI000067;PROD005;14/11/25;3; 4899.00; 14697.00;Dinheiro Em Espécie
VEN000662;CLI000009;PROD023;15/11/25;3; 179.90; 539.70;Cartão de Crédito
VEN000663;CLI000026;PROD011;16/11/25;1; 799.90; 799.90;PIX
VEN000664;CLI000112;PROD028;17/11/25;1; 189.90; 189.90;PIX
VEN000665;CLI000134;PROD005;18/11/25;3; 4899.00; 14697.00;PIX
VEN000666;CLI000059;PROD027;19/11/25;1; 699.90; 699.90;PIX
VEN000667;CLI000177;PROD024;20/11/25;3; 279.90; 839.70;Cartão de Crédito
VEN000668;CLI000133;PROD008;21/11/25;3; 1299.00; 3897.00;Dinheiro Em Espécie
VEN000669;CLI000048;PROD004;22/11/25;1; 2899.90; 2899.90;Cartão de Crédito
VEN000670;CLI000128;PROD006;23/11/25;2; 1799.90; 3599.80;PIX
VEN000671;CLI000260;PROD015;24/11/25;3; 1349.90; 4049.70;PIX
VEN000672;CLI000105;PROD008;25/11/25;3; 1299.00; 3897.00;Cartão de Débito
VEN000673;CLI000141;PROD001;26/11/25;3; 3499.90; 10499.70;Cartão de Crédito
VEN000674;CLI000240;PROD013;27/11/25;1; 1099.90; 1099.90;Cartão de Crédito
VEN000675;CLI000280;PROD006;28/11/25;1; 1799.90; 1799.90;PIX
VEN000676;CLI000193;PROD008;29/11/25;2; 1299.00; 2598.00;PIX
VEN000677;CLI000126;PROD016;30/11/25;1; 89.90; 89.90;PIX
VEN000678;CLI000171;PROD013;1/12/25;2; 1099.90; 2199.80;Cartão de Débito
VEN000679;CLI000291;PROD016;2/12/25;2; 89.90; 179.80;PIX
VEN000680;CLI000197;PROD019;3/12/25;1; 199.00; 199.00;Cartão de Crédito
VEN000681;CLI000002;PROD011;4/12/25;3; 799.90; 2399.70;Cartão de Débito
VEN000682;CLI000257;PROD030;5/12/25;3; 1199.00; 3597.00;PIX
VEN000683;CLI000019;PROD008;6/12/25;1; 1299.00; 1299.00;Cartão de Débito
VEN000684;CLI000021;PROD019;7/12/25;2; 199.00; 398.00;PIX
VEN000685;CLI000142;PROD024;8/12/25;1; 279.90; 279.90;PIX
VEN000686;CLI000077;PROD029;9/12/25;3; 349.00; 1047.00;Cartão de Crédito
VEN000687;CLI000229;PROD024;10/12/25;2; 279.90; 559.80;Cartão de Crédito
VEN000688;CLI000205;PROD012;11/12/25;1; 1199.00; 1199.00;Cartão de Débito
VEN000689;CLI000228;PROD006;12/12/25;2; 1799.90; 3599.80;PIX
VEN000690;CLI000154;PROD014;13/12/25;1; 2499.00; 2499.00;PIX
VEN000691;CLI000179;PROD006;14/12/25;1; 1799.90; 1799.90;PIX
VEN000692;CLI000174;PROD013;15/12/25;2; 1099.90; 2199.80;Cartão de Débito
VEN000693;CLI000116;PROD005;16/12/25;1; 4899.00; 4899.00;PIX
VEN000694;CLI000287;PROD027;17/12/25;3; 699.90; 2099.70;Cartão de Crédito
VEN000695;CLI000108;PROD021;18/12/25;1; 59.90; 59.90;Cartão de Crédito
VEN000696;CLI000137;PROD009;19/12/25;3; 2299.90; 6899.70;PIX
VEN000697;CLI000045;PROD019;20/12/25;2; 199.00; 398.00;Cartão de Débito
VEN000698;CLI000238;PROD026;21/12/25;1; 1499.00; 1499.00;PIX
VEN000699;CLI000239;PROD026;22/12/25;2; 1499.00; 2998.00;PIX
VEN000700;CLI000173;PROD023;23/12/25;1; 179.90; 179.90;PIX
VEN000701;CLI000273;PROD022;24/12/25;1; 219.90; 219.90;Dinheiro Em Espécie
VEN000702;CLI000131;PROD026;25/12/25;3; 1499.00; 4497.00;PIX
VEN000703;CLI000266;PROD006;26/12/25;1; 1799.90; 1799.90;Cartão de Crédito
VEN000704;CLI000041;PROD025;27/12/25;3; 239.90; 719.70;Cartão de Débito
VEN000705;CLI000007;PROD016;28/12/25;1; 89.90; 89.90;Cartão de Crédito
VEN000706;CLI000114;PROD005;29/12/25;3; 4899.00; 14697.00;PIX
VEN000707;CLI000094;PROD016;30/12/25;1; 89.90; 89.90;Cartão de Crédito
VEN000708;CLI000194;PROD009;31/12/25;2; 2299.90; 4599.80;Cartão de Débito
VEN000709;CLI000238;PROD016;1/1/26;2; 89.90; 179.80;Cartão de Débito
VEN000710;CLI000032;PROD024;2/1/26;1; 279.90; 279.90;Dinheiro Em Espécie
VEN000711;CLI000259;PROD022;3/1/26;1; 219.90; 219.90;Cartão de Crédito
VEN000712;CLI000290;PROD004;4/1/26;3; 2899.90; 8699.70;PIX
VEN000713;CLI000238;PROD024;5/1/26;1; 279.90; 279.90;Cartão de Crédito
VEN000714;CLI000073;PROD021;6/1/26;3; 59.90; 179.70;Dinheiro Em Espécie
VEN000715;CLI000048;PROD016;7/1/26;3; 89.90; 269.70;Cartão de Crédito
VEN000716;CLI000067;PROD013;8/1/26;1; 1099.90; 1099.90;Cartão de Débito
VEN000717;CLI000283;PROD027;9/1/26;1; 699.90; 699.90;Cartão de Crédito
VEN000718;CLI000082;PROD019;10/1/26;1; 199.00; 199.00;PIX
VEN000719;CLI000052;PROD002;11/1/26;2; 4299.00; 8598.00;Cartão de Débito
VEN000720;CLI000293;PROD019;12/1/26;2; 199.00; 398.00;Cartão de Crédito
VEN000721;CLI000258;PROD005;13/1/26;2; 4899.00; 9798.00;Dinheiro Em Espécie
VEN000722;CLI000175;PROD029;14/1/26;1; 349.00; 349.00;Cartão de Crédito
VEN000723;CLI000112;PROD025;15/1/26;2; 239.90; 479.80;Cartão de Débito
VEN000724;CLI000090;PROD019;16/1/26;1; 199.00; 199.00;PIX
VEN000725;CLI000176;PROD008;17/1/26;3; 1299.00; 3897.00;PIX
VEN000726;CLI000155;PROD003;18/1/26;1; 7999.00; 7999.00;Cartão de Crédito
VEN000727;CLI000272;PROD016;19/1/26;1; 89.90; 89.90;Cartão de Crédito
VEN000728;CLI000101;PROD013;20/1/26;1; 1099.90; 1099.90;PIX
VEN000729;CLI000151;PROD029;21/1/26;2; 349.00; 698.00;Cartão de Crédito
VEN000730;CLI000272;PROD015;22/1/26;2; 1349.90; 2699.80;Cartão de Débito
VEN000731;CLI000264;PROD009;23/1/26;1; 2299.90; 2299.90;Dinheiro Em Espécie
VEN000732;CLI000007;PROD023;24/1/26;2; 179.90; 359.80;Cartão de Crédito
VEN000733;CLI000042;PROD022;25/1/26;1; 219.90; 219.90;Dinheiro Em Espécie
VEN000734;CLI000081;PROD008;26/1/26;1; 1299.00; 1299.00;PIX
VEN000735;CLI000098;PROD014;27/1/26;3; 2499.00; 7497.00;Cartão de Crédito
VEN000736;CLI000013;PROD003;28/1/26;1; 7999.00; 7999.00;PIX
VEN000737;CLI000123;PROD025;29/1/26;3; 239.90; 719.70;Cartão de Débito
VEN000738;CLI000272;PROD018;30/1/26;3; 139.90; 419.70;PIX
VEN000739;CLI000088;PROD010;31/1/26;3; 6499.00; 19497.00;PIX
VEN000740;CLI000036;PROD020;1/2/26;3; 399.90; 1199.70;Cartão de Crédito
VEN000741;CLI000191;PROD012;2/2/26;1; 1199.00; 1199.00;Cartão de Crédito
VEN000742;CLI000043;PROD021;3/2/26;3; 59.90; 179.70;Dinheiro Em Espécie
VEN000743;CLI000300;PROD026;4/2/26;3; 1499.00; 4497.00;Cartão de Crédito
VEN000744;CLI000025;PROD017;5/2/26;3; 249.90; 749.70;Cartão de Crédito
VEN000745;CLI000207;PROD005;6/2/26;2; 4899.00; 9798.00;PIX
VEN000746;CLI000235;PROD017;7/2/26;3; 249.90; 749.70;Cartão de Débito
VEN000747;CLI000065;PROD002;8/2/26;1; 4299.00; 4299.00;Cartão de Débito
VEN000748;CLI000188;PROD007;9/2/26;2; 4999.00; 9998.00;Cartão de Crédito
VEN000749;CLI000170;PROD028;10/2/26;3; 189.90; 569.70;Dinheiro Em Espécie
VEN000750;CLI000057;PROD004;11/2/26;1; 2899.90; 2899.90;Cartão de Débito
VEN000751;CLI000170;PROD025;12/2/26;2; 239.90; 479.80;Cartão de Crédito
VEN000752;CLI000047;PROD002;13/2/26;1; 4299.00; 4299.00;PIX
VEN000753;CLI000082;PROD026;14/2/26;2; 1499.00; 2998.00;Dinheiro Em Espécie
VEN000754;CLI000174;PROD022;15/2/26;2; 219.90; 439.80;PIX
VEN000755;CLI000296;PROD023;16/2/26;2; 179.90; 359.80;Cartão de Crédito
VEN000756;CLI000164;PROD023;17/2/26;1; 179.90; 179.90;Cartão de Crédito
VEN000757;CLI000195;PROD012;18/2/26;1; 1199.00; 1199.00;Cartão de Crédito
VEN000758;CLI000142;PROD022;19/2/26;2; 219.90; 439.80;PIX
VEN000759;CLI000011;PROD024;20/2/26;2; 279.90; 559.80;Cartão de Crédito
VEN000760;CLI000215;PROD024;21/2/26;1; 279.90; 279.90;PIX
VEN000761;CLI000019;PROD003;22/2/26;1; 7999.00; 7999.00;Cartão de Crédito
VEN000762;CLI000144;PROD007;23/2/26;2; 4999.00; 9998.00;PIX
VEN000763;CLI000294;PROD030;24/2/26;2; 1199.00; 2398.00;Cartão de Crédito
VEN000764;CLI000006;PROD009;25/2/26;3; 2299.90; 6899.70;Cartão de Débito
VEN000765;CLI000187;PROD003;26/2/26;2; 7999.00; 15998.00;PIX
VEN000766;CLI000266;PROD005;27/2/26;1; 4899.00; 4899.00;PIX
VEN000767;CLI000200;PROD030;28/2/26;3; 1199.00; 3597.00;Cartão de Crédito
VEN000768;CLI000187;PROD010;1/3/26;1; 6499.00; 6499.00;PIX
VEN000769;CLI000029;PROD009;2/3/26;2; 2299.90; 4599.80;PIX
VEN000770;CLI000063;PROD003;3/3/26;1; 7999.00; 7999.00;PIX
VEN000771;CLI000062;PROD012;4/3/26;2; 1199.00; 2398.00;PIX
VEN000772;CLI000068;PROD011;5/3/26;1; 799.90; 799.90;Dinheiro Em Espécie
VEN000773;CLI000176;PROD013;6/3/26;1; 1099.90; 1099.90;PIX
VEN000774;CLI000244;PROD009;7/3/26;3; 2299.90; 6899.70;PIX
VEN000775;CLI000094;PROD013;8/3/26;1; 1099.90; 1099.90;Cartão de Débito
VEN000776;CLI000294;PROD016;9/3/26;3; 89.90; 269.70;Cartão de Débito
VEN000777;CLI000274;PROD018;10/3/26;2; 139.90; 279.80;Cartão de Débito
VEN000778;CLI000010;PROD003;11/3/26;2; 7999.00; 15998.00;Dinheiro Em Espécie
VEN000779;CLI000298;PROD020;12/3/26;2; 399.90; 799.80;PIX
VEN000780;CLI000134;PROD027;13/3/26;1; 699.90; 699.90;Cartão de Crédito
VEN000781;CLI000109;PROD015;14/3/26;1; 1349.90; 1349.90;PIX
VEN000782;CLI000097;PROD023;15/3/26;3; 179.90; 539.70;PIX
VEN000783;CLI000115;PROD027;16/3/26;2; 699.90; 1399.80;Cartão de Débito
VEN000784;CLI000247;PROD025;17/3/26;1; 239.90; 239.90;Cartão de Crédito
VEN000785;CLI000289;PROD026;18/3/26;3; 1499.00; 4497.00;Cartão de Débito
VEN000786;CLI000227;PROD006;19/3/26;1; 1799.90; 1799.90;Cartão de Débito
VEN000787;CLI000044;PROD030;20/3/26;1; 1199.00; 1199.00;PIX
VEN000788;CLI000082;PROD010;21/3/26;1; 6499.00; 6499.00;Cartão de Débito
VEN000789;CLI000236;PROD017;22/3/26;3; 249.90; 749.70;Cartão de Crédito
VEN000790;CLI000237;PROD023;23/3/26;1; 179.90; 179.90;Cartão de Crédito
VEN000791;CLI000102;PROD028;24/3/26;1; 189.90; 189.90;Cartão de Crédito
VEN000792;CLI000203;PROD010;25/3/26;1; 6499.00; 6499.00;Cartão de Crédito
VEN000793;CLI000018;PROD028;26/3/26;1; 189.90; 189.90;PIX
VEN000794;CLI000003;PROD024;27/3/26;3; 279.90; 839.70;Cartão de Crédito
VEN000795;CLI000041;PROD013;28/3/26;1; 1099.90; 1099.90;Cartão de Débito
VEN000796;CLI000288;PROD013;29/3/26;1; 1099.90; 1099.90;PIX
VEN000797;CLI000284;PROD025;30/3/26;1; 239.90; 239.90;PIX
VEN000798;CLI000047;PROD027;31/3/26;2; 699.90; 1399.80;PIX
VEN000799;CLI000002;PROD022;1/4/26;1; 219.90; 219.90;Cartão de Crédito
VEN000800;CLI000035;PROD008;2/4/26;1; 1299.00; 1299.00;Cartão de Débito
